Workbook

Sheet Crodis
A1: country | B1: operator | C1: dIOT PSD | D1: dIOT (GB) | E1: Min | F1: ISO_Code_A3 | G1: ISO_Code_A2 | H1: ISO_Code_Numeric
A2: Aerospace | B2: AeroMobile (AAA) | C2: 0.2068402 | D2: =C2*1024 -> 211.80437 | E2: =_xlfn.MINIFS(D:D,A:A,A2,D:D,"<>0") -> 211.80437 | F2: =_xlfn.TEXTBEFORE(_xlfn.TEXTAFTER(B2,"("),")") -> AAA | G2: =+_xlfn.XLOOKUP(F2,Sheet1!C:C,Sheet1!B:B,"N/A",0) -> N/A | H2: =+_xlfn.XLOOKUP(F2,Sheet1!C:C,Sheet1!D:D,"N/A",0) -> N/A
A3: Aerospace | B3: Thuraya (AAZ) | D3: =C3*1024 -> 0 | E3: =_xlfn.MINIFS(D:D,A:A,A3,D:D,"<>0") -> 211.80437 | F3: =_xlfn.TEXTBEFORE(_xlfn.TEXTAFTER(B3,"("),")") -> AAZ | G3: =+_xlfn.XLOOKUP(F3,Sheet1!C:C,Sheet1!B:B,"N/A",0) -> N/A | H3: =+_xlfn.XLOOKUP(F3,Sheet1!C:C,Sheet1!D:D,"N/A",0) -> N/A
A4: Afghanistan | B4: Afghan Wireless (AFG) | C4: 0.0033939 | D4: =C4*1024 -> 3.4753536 | E4: =_xlfn.MINIFS(D:D,A:A,A4,D:D,"<>0") -> 2.1786624 | F4: =_xlfn.TEXTBEFORE(_xlfn.TEXTAFTER(B4,"("),")") -> AFG | G4: =+_xlfn.XLOOKUP(F4,Sheet1!C:C,Sheet1!B:B,"N/A",0) -> AF | H4: =+_xlfn.XLOOKUP(F4,Sheet1!C:C,Sheet1!D:D,"N/A",0) -> 004
A5: Afghanistan | B5: Atoma (AFG) | C5: 0.005 | D5: =C5*1024 -> 5.12 | E5: =_xlfn.MINIFS(D:D,A:A,A5,D:D,"<>0") -> 2.1786624 | F5: =_xlfn.TEXTBEFORE(_xlfn.TEXTAFTER(B5,"("),")") -> AFG | G5: =+_xlfn.XLOOKUP(F5,Sheet1!C:C,Sheet1!B:B,"N/A",0) -> AF | H5: =+_xlfn.XLOOKUP(F5,Sheet1!C:C,Sheet1!D:D,"N/A",0) -> 004
A6: Afghanistan | B6: Etisalat (AFG) | C6: 0.004142 | D6: =C6*1024 -> 4.241408 | E6: =_xlfn.MINIFS(D:D,A:A,A6,D:D,"<>0") -> 2.1786624 | F6: =_xlfn.TEXTBEFORE(_xlfn.TEXTAFTER(B6,"("),")") -> AFG | G6: =+_xlfn.XLOOKUP(F6,Sheet1!C:C,Sheet1!B:B,"N/A",0) -> AF | H6: =+_xlfn.XLOOKUP(F6,Sheet1!C:C,Sheet1!D:D,"N/A",0) -> 004
A7: Afghanistan | B7: Roshan (AFG) | C7: 0.0021276 | D7: =C7*1024 -> 2.1786624 | E7: =_xlfn.MINIFS(D:D,A:A,A7,D:D,"<>0") -> 2.1786624 | F7: =_xlfn.TEXTBEFORE(_xlfn.TEXTAFTER(B7,"("),")") -> AFG | G7: =+_xlfn.XLOOKUP(F7,Sheet1!C:C,Sheet1!B:B,"N/A",0) -> AF | H7: =+_xlfn.XLOOKUP(F7,Sheet1!C:C,Sheet1!D:D,"N/A",0) -> 004
A8: Albania | B8: One Albania (ALB) | C8: 0.0008074 | D8: =C8*1024 -> 0.8267776 | E8: =_xlfn.MINIFS(D:D,A:A,A8,D:D,"<>0") -> 0.82005932 | F8: =_xlfn.TEXTBEFORE(_xlfn.TEXTAFTER(B8,"("),")") -> ALB | G8: =+_xlfn.XLOOKUP(F8,Sheet1!C:C,Sheet1!B:B,"N/A",0) -> AL | H8: =+_xlfn.XLOOKUP(F8,Sheet1!C:C,Sheet1!D:D,"N/A",0) -> 008
A9: Albania | B9: Vodafone (ALB) | C9: 0.00080083918 | D9: =C9*1024 -> 0.82005932 | E9: =_xlfn.MINIFS(D:D,A:A,A9,D:D,"<>0") -> 0.82005932 | F9: =_xlfn.TEXTBEFORE(_xlfn.TEXTAFTER(B9,"("),")") -> ALB | G9: =+_xlfn.XLOOKUP(F9,Sheet1!C:C,Sheet1!B:B,"N/A",0) -> AL | H9: =+_xlfn.XLOOKUP(F9,Sheet1!C:C,Sheet1!D:D,"N/A",0) -> 008
A10: Algeria | B10: ATM (DZA) | C10: 0.001 | D10: =C10*1024 -> 1.024 | E10: =_xlfn.MINIFS(D:D,A:A,A10,D:D,"<>0") -> 1.024 | F10: =_xlfn.TEXTBEFORE(_xlfn.TEXTAFTER(B10,"("),")") -> DZA | G10: =+_xlfn.XLOOKUP(F10,Sheet1!C:C,Sheet1!B:B,"N/A",0) -> DZ | H10: =+_xlfn.XLOOKUP(F10,Sheet1!C:C,Sheet1!D:D,"N/A",0) -> 012
A11: Algeria | B11: Ooredoo (DZA) | C11: 0.002156 | D11: =C11*1024 -> 2.207744 | E11: =_xlfn.MINIFS(D:D,A:A,A11,D:D,"<>0") -> 1.024 | F11: =_xlfn.TEXTBEFORE(_xlfn.TEXTAFTER(B11,"("),")") -> DZA | G11: =+_xlfn.XLOOKUP(F11,Sheet1!C:C,Sheet1!B:B,"N/A",0) -> DZ | H11: =+_xlfn.XLOOKUP(F11,Sheet1!C:C,Sheet1!D:D,"N/A",0) -> 012
A12: Algeria | B12: Veon (DZA) | C12: 0.010300242 | D12: =C12*1024 -> 10.547448 | E12: =_xlfn.MINIFS(D:D,A:A,A12,D:D,"<>0") -> 1.024 | F12: =_xlfn.TEXTBEFORE(_xlfn.TEXTAFTER(B12,"("),")") -> DZA | G12: =+_xlfn.XLOOKUP(F12,Sheet1!C:C,Sheet1!B:B,"N/A",0) -> DZ | H12: =+_xlfn.XLOOKUP(F12,Sheet1!C:C,Sheet1!D:D,"N/A",0) -> 012
A13: American Samoa | B13: Bluesky (ASM) | C13: 0.3889004 | D13: =C13*1024 -> 398.23401 | E13: =_xlfn.MINIFS(D:D,A:A,A13,D:D,"<>0") -> 398.23401 | F13: =_xlfn.TEXTBEFORE(_xlfn.TEXTAFTER(B13,"("),")") -> ASM | G13: =+_xlfn.XLOOKUP(F13,Sheet1!C:C,Sheet1!B:B,"N/A",0) -> AS | H13: =+_xlfn.XLOOKUP(F13,Sheet1!C:C,Sheet1!D:D,"N/A",0) -> 016
A14: Andorra | B14: STA (AND) | C14: 0.012219834 | D14: =C14*1024 -> 12.51311 | E14: =_xlfn.MINIFS(D:D,A:A,A14,D:D,"<>0") -> 12.51311 | F14: =_xlfn.TEXTBEFORE(_xlfn.TEXTAFTER(B14,"("),")") -> AND | G14: =+_xlfn.XLOOKUP(F14,Sheet1!C:C,Sheet1!B:B,"N/A",0) -> AD | H14: =+_xlfn.XLOOKUP(F14,Sheet1!C:C,Sheet1!D:D,"N/A",0) -> 020
A15: Angola | B15: Africell (AGO) | C15: 0.0016969 | D15: =C15*1024 -> 1.7376256 | E15: =_xlfn.MINIFS(D:D,A:A,A15,D:D,"<>0") -> 1.7376256 | F15: =_xlfn.TEXTBEFORE(_xlfn.TEXTAFTER(B15,"("),")") -> AGO | G15: =+_xlfn.XLOOKUP(F15,Sheet1!C:C,Sheet1!B:B,"N/A",0) -> AO | H15: =+_xlfn.XLOOKUP(F15,Sheet1!C:C,Sheet1!D:D,"N/A",0) -> 024
... A17: Anguilla | B17: Liberty (AIA) | C17: 0.0025454 | D17: =C17*1024 -> 2.6064896 | E17: =_xlfn.MINIFS(D:D,A:A,A17,D:D,"<>0") -> 2.6064896 | F17: =_xlfn.TEXTBEFORE(_xlfn.TEXTAFTER(B17,"("),")") -> AIA | G17: =+_xlfn.XLOOKUP(F17,Sheet1!C:C,Sheet1!B:B,"N/A",0) -> AI | H17: =+_xlfn.XLOOKUP(F17,Sheet1!C:C,Sheet1!D:D,"N/A",0) -> 660
A18: Antigua and Barbuda | B18: APUA (ATG) | D18: =C18*1024 -> 0 | E18: =_xlfn.MINIFS(D:D,A:A,A18,D:D,"<>0") -> 2.6064896 | F18: =_xlfn.TEXTBEFORE(_xlfn.TEXTAFTER(B18,"("),")") -> ATG | G18: =+_xlfn.XLOOKUP(F18,Sheet1!C:C,Sheet1!B:B,"N/A",0) -> AG | H18: =+_xlfn.XLOOKUP(F18,Sheet1!C:C,Sheet1!D:D,"N/A",0) -> 028
A19: Antigua and Barbuda | B19: Liberty (ATG) | C19: 0.0025454 | D19: =C19*1024 -> 2.6064896 | E19: =_xlfn.MINIFS(D:D,A:A,A19,D:D,"<>0") -> 2.6064896 | F19: =_xlfn.TEXTBEFORE(_xlfn.TEXTAFTER(B19,"("),")") -> ATG | G19: =+_xlfn.XLOOKUP(F19,Sheet1!C:C,Sheet1!B:B,"N/A",0) -> AG | H19: =+_xlfn.XLOOKUP(F19,Sheet1!C:C,Sheet1!D:D,"N/A",0) -> 028
A20: Argentina | B20: AMX (ARG) | C20: 0.0019167537 | D20: =C20*1024 -> 1.9627558 | E20: =_xlfn.MINIFS(D:D,A:A,A20,D:D,"<>0") -> 0.868864 | F20: =_xlfn.TEXTBEFORE(_xlfn.TEXTAFTER(B20,"("),")") -> ARG | G20: =+_xlfn.XLOOKUP(F20,Sheet1!C:C,Sheet1!B:B,"N/A",0) -> AR | H20: =+_xlfn.XLOOKUP(F20,Sheet1!C:C,Sheet1!D:D,"N/A",0) -> 032
A21: Argentina | B21: Telecom (ARG) | C21: 0.0008485 | D21: =C21*1024 -> 0.868864 | E21: =_xlfn.MINIFS(D:D,A:A,A21,D:D,"<>0") -> 0.868864 | F21: =_xlfn.TEXTBEFORE(_xlfn.TEXTAFTER(B21,"("),")") -> ARG | G21: =+_xlfn.XLOOKUP(F21,Sheet1!C:C,Sheet1!B:B,"N/A",0) -> AR | H21: =+_xlfn.XLOOKUP(F21,Sheet1!C:C,Sheet1!D:D,"N/A",0) -> 032
A22: Argentina | B22: Telefonica (ARG) | C22: 0.0010300715 | D22: =C22*1024 -> 1.0547932 | E22: =_xlfn.MINIFS(D:D,A:A,A22,D:D,"<>0") -> 0.868864 | F22: =_xlfn.TEXTBEFORE(_xlfn.TEXTAFTER(B22,"("),")") -> ARG | G22: =+_xlfn.XLOOKUP(F22,Sheet1!C:C,Sheet1!B:B,"N/A",0) -> AR | H22: =+_xlfn.XLOOKUP(F22,Sheet1!C:C,Sheet1!D:D,"N/A",0) -> 032
A23: Armenia | B23: MTS (ARM) | C23: 0.0013046198 | D23: =C23*1024 -> 1.3359307 | E23: =_xlfn.MINIFS(D:D,A:A,A23,D:D,"<>0") -> 1.0781847 | F23: =_xlfn.TEXTBEFORE(_xlfn.TEXTAFTER(B23,"("),")") -> ARM | G23: =+_xlfn.XLOOKUP(F23,Sheet1!C:C,Sheet1!B:B,"N/A",0) -> AM | H23: =+_xlfn.XLOOKUP(F23,Sheet1!C:C,Sheet1!D:D,"N/A",0) -> 051
A24: Armenia | B24: Telecom (ARM) | C24: 0.0010529147 | D24: =C24*1024 -> 1.0781847 | E24: =_xlfn.MINIFS(D:D,A:A,A24,D:D,"<>0") -> 1.0781847 | F24: =_xlfn.TEXTBEFORE(_xlfn.TEXTAFTER(B24,"("),")") -> ARM | G24: =+_xlfn.XLOOKUP(F24,Sheet1!C:C,Sheet1!B:B,"N/A",0) -> AM | H24: =+_xlfn.XLOOKUP(F24,Sheet1!C:C,Sheet1!D:D,"N/A",0) -> 051
A25: Armenia | B25: UCom (ARM) | C25: 0.0027681793 | D25: =C25*1024 -> 2.8346156 | E25: =_xlfn.MINIFS(D:D,A:A,A25,D:D,"<>0") -> 1.0781847 | F25: =_xlfn.TEXTBEFORE(_xlfn.TEXTAFTER(B25,"("),")") -> ARM | G25: =+_xlfn.XLOOKUP(F25,Sheet1!C:C,Sheet1!B:B,"N/A",0) -> AM | H25: =+_xlfn.XLOOKUP(F25,Sheet1!C:C,Sheet1!D:D,"N/A",0) -> 051
A26: Aruba | B26: Digicel (ABW) | D26: =C26*1024 -> 0 | E26: =_xlfn.MINIFS(D:D,A:A,A26,D:D,"<>0") -> 6.9506048 | F26: =_xlfn.TEXTBEFORE(_xlfn.TEXTAFTER(B26,"("),")") -> ABW | G26: =+_xlfn.XLOOKUP(F26,Sheet1!C:C,Sheet1!B:B,"N/A",0) -> AW | H26: =+_xlfn.XLOOKUP(F26,Sheet1!C:C,Sheet1!D:D,"N/A",0) -> 533
A27: Aruba | B27: Setar (ABW) | C27: 0.0067877 | D27: =C27*1024 -> 6.9506048 | E27: =_xlfn.MINIFS(D:D,A:A,A27,D:D,"<>0") -> 6.9506048 | F27: =_xlfn.TEXTBEFORE(_xlfn.TEXTAFTER(B27,"("),")") -> ABW | G27: =+_xlfn.XLOOKUP(F27,Sheet1!C:C,Sheet1!B:B,"N/A",0) -> AW | H27: =+_xlfn.XLOOKUP(F27,Sheet1!C:C,Sheet1!D:D,"N/A",0) -> 533
A28: Australia | B28: Optus (AUS) | C28: 0.0008 | D28: =C28*1024 -> 0.8192 | E28: =_xlfn.MINIFS(D:D,A:A,A28,D:D,"<>0") -> 0.512 | F28: =_xlfn.TEXTBEFORE(_xlfn.TEXTAFTER(B28,"("),")") -> AUS | G28: =+_xlfn.XLOOKUP(F28,Sheet1!C:C,Sheet1!B:B,"N/A",0) -> AU | H28: =+_xlfn.XLOOKUP(F28,Sheet1!C:C,Sheet1!D:D,"N/A",0) -> 036
A29: Australia | B29: Telstra (AUS) | C29: 0.0005 | D29: =C29*1024 -> 0.512 | E29: =_xlfn.MINIFS(D:D,A:A,A29,D:D,"<>0") -> 0.512 | F29: =_xlfn.TEXTBEFORE(_xlfn.TEXTAFTER(B29,"("),")") -> AUS | G29: =+_xlfn.XLOOKUP(F29,Sheet1!C:C,Sheet1!B:B,"N/A",0) -> AU | H29: =+_xlfn.XLOOKUP(F29,Sheet1!C:C,Sheet1!D:D,"N/A",0) -> 036
A30: Australia | B30: Vodafone (AUS) | C30: 0.00091515221 | D30: =C30*1024 -> 0.93711586 | E30: =_xlfn.MINIFS(D:D,A:A,A30,D:D,"<>0") -> 0.512 | F30: =_xlfn.TEXTBEFORE(_xlfn.TEXTAFTER(B30,"("),")") -> AUS | G30: =+_xlfn.XLOOKUP(F30,Sheet1!C:C,Sheet1!B:B,"N/A",0) -> AU | H30: =+_xlfn.XLOOKUP(F30,Sheet1!C:C,Sheet1!D:D,"N/A",0) -> 036
A31: Austria | B31: A1 (AUT) | C31: 0.0015 | D31: =C31*1024 -> 1.536 | E31: =_xlfn.MINIFS(D:D,A:A,A31,D:D,"<>0") -> 0.59267841 | F31: =_xlfn.TEXTBEFORE(_xlfn.TEXTAFTER(B31,"("),")") -> AUT | G31: =+_xlfn.XLOOKUP(F31,Sheet1!C:C,Sheet1!B:B,"N/A",0) -> AT | H31: =+_xlfn.XLOOKUP(F31,Sheet1!C:C,Sheet1!D:D,"N/A",0) -> 040
A32: Austria | B32: DT (AUT) | C32: 0.00057878751 | D32: =C32*1024 -> 0.59267841 | E32: =_xlfn.MINIFS(D:D,A:A,A32,D:D,"<>0") -> 0.59267841 | F32: =_xlfn.TEXTBEFORE(_xlfn.TEXTAFTER(B32,"("),")") -> AUT | G32: =+_xlfn.XLOOKUP(F32,Sheet1!C:C,Sheet1!B:B,"N/A",0) -> AT | H32: =+_xlfn.XLOOKUP(F32,Sheet1!C:C,Sheet1!D:D,"N/A",0) -> 040
A33: Austria | B33: H3G (AUT) | C33: 0.0006229 | D33: =C33*1024 -> 0.6378496 | E33: =_xlfn.MINIFS(D:D,A:A,A33,D:D,"<>0") -> 0.59267841 | F33: =_xlfn.TEXTBEFORE(_xlfn.TEXTAFTER(B33,"("),")") -> AUT | G33: =+_xlfn.XLOOKUP(F33,Sheet1!C:C,Sheet1!B:B,"N/A",0) -> AT | H33: =+_xlfn.XLOOKUP(F33,Sheet1!C:C,Sheet1!D:D,"N/A",0) -> 040
A34: Azerbaijan | B34: Azercell (AZE) | C34: 0.0035 | D34: =C34*1024 -> 3.584 | E34: =_xlfn.MINIFS(D:D,A:A,A34,D:D,"<>0") -> 3.0408704 | F34: =_xlfn.TEXTBEFORE(_xlfn.TEXTAFTER(B34,"("),")") -> AZE | G34: =+_xlfn.XLOOKUP(F34,Sheet1!C:C,Sheet1!B:B,"N/A",0) -> AZ | H34: =+_xlfn.XLOOKUP(F34,Sheet1!C:C,Sheet1!D:D,"N/A",0) -> 031
A35: Azerbaijan | B35: Azerfon (AZE) | D35: =C35*1024 -> 0 | E35: =_xlfn.MINIFS(D:D,A:A,A35,D:D,"<>0") -> 3.0408704 | F35: =_xlfn.TEXTBEFORE(_xlfn.TEXTAFTER(B35,"("),")") -> AZE | G35: =+_xlfn.XLOOKUP(F35,Sheet1!C:C,Sheet1!B:B,"N/A",0) -> AZ | H35: =+_xlfn.XLOOKUP(F35,Sheet1!C:C,Sheet1!D:D,"N/A",0) -> 031
A36: Azerbaijan | B36: Bakcell (AZE) | C36: 0.0029696 | D36: =C36*1024 -> 3.0408704 | E36: =_xlfn.MINIFS(D:D,A:A,A36,D:D,"<>0") -> 3.0408704 | F36: =_xlfn.TEXTBEFORE(_xlfn.TEXTAFTER(B36,"("),")") -> AZE | G36: =+_xlfn.XLOOKUP(F36,Sheet1!C:C,Sheet1!B:B,"N/A",0) -> AZ | H36: =+_xlfn.XLOOKUP(F36,Sheet1!C:C,Sheet1!D:D,"N/A",0) -> 031
A37: Bahamas | B37: Aliv (BHS) | C37: 0.0008919315 | D37: =C37*1024 -> 0.91333786 | E37: =_xlfn.MINIFS(D:D,A:A,A37,D:D,"<>0") -> 0.91333786 | F37: =_xlfn.TEXTBEFORE(_xlfn.TEXTAFTER(B37,"("),")") -> BHS | G37: =+_xlfn.XLOOKUP(F37,Sheet1!C:C,Sheet1!B:B,"N/A",0) -> BS | H37: =+_xlfn.XLOOKUP(F37,Sheet1!C:C,Sheet1!D:D,"N/A",0) -> 044
A38: Bahamas | B38: Liberty (BHS) | C38: 0.0025454 | D38: =C38*1024 -> 2.6064896 | E38: =_xlfn.MINIFS(D:D,A:A,A38,D:D,"<>0") -> 0.91333786 | F38: =_xlfn.TEXTBEFORE(_xlfn.TEXTAFTER(B38,"("),")") -> BHS | G38: =+_xlfn.XLOOKUP(F38,Sheet1!C:C,Sheet1!B:B,"N/A",0) -> BS | H38: =+_xlfn.XLOOKUP(F38,Sheet1!C:C,Sheet1!D:D,"N/A",0) -> 044
A39: Bahrain | B39: Batelco (BHR) | C39: 0.0043636106 | D39: =C39*1024 -> 4.4683372 | E39: =_xlfn.MINIFS(D:D,A:A,A39,D:D,"<>0") -> 0.87096874 | F39: =_xlfn.TEXTBEFORE(_xlfn.TEXTAFTER(B39,"("),")") -> BHR | G39: =+_xlfn.XLOOKUP(F39,Sheet1!C:C,Sheet1!B:B,"N/A",0) -> BH | H39: =+_xlfn.XLOOKUP(F39,Sheet1!C:C,Sheet1!D:D,"N/A",0) -> 048
A40: Bahrain | B40: STC (BHR) | C40: 0.0017293 | D40: =C40*1024 -> 1.7708032 | E40: =_xlfn.MINIFS(D:D,A:A,A40,D:D,"<>0") -> 0.87096874 | F40: =_xlfn.TEXTBEFORE(_xlfn.TEXTAFTER(B40,"("),")") -> BHR | G40: =+_xlfn.XLOOKUP(F40,Sheet1!C:C,Sheet1!B:B,"N/A",0) -> BH | H40: =+_xlfn.XLOOKUP(F40,Sheet1!C:C,Sheet1!D:D,"N/A",0) -> 048
A41: Bahrain | B41: ZOI (BHR) | C41: 0.00085055541 | D41: =C41*1024 -> 0.87096874 | E41: =_xlfn.MINIFS(D:D,A:A,A41,D:D,"<>0") -> 0.87096874 | F41: =_xlfn.TEXTBEFORE(_xlfn.TEXTAFTER(B41,"("),")") -> BHR | G41: =+_xlfn.XLOOKUP(F41,Sheet1!C:C,Sheet1!B:B,"N/A",0) -> BH | H41: =+_xlfn.XLOOKUP(F41,Sheet1!C:C,Sheet1!D:D,"N/A",0) -> 048
A42: Bangladesh | B42: Axiata (BGD) | C42: 0.00099999999 | D42: =C42*1024 -> 1.024 | E42: =_xlfn.MINIFS(D:D,A:A,A42,D:D,"<>0") -> 0.8192 | F42: =_xlfn.TEXTBEFORE(_xlfn.TEXTAFTER(B42,"("),")") -> BGD | G42: =+_xlfn.XLOOKUP(F42,Sheet1!C:C,Sheet1!B:B,"N/A",0) -> BD | H42: =+_xlfn.XLOOKUP(F42,Sheet1!C:C,Sheet1!D:D,"N/A",0) -> 050
A43: Bangladesh | B43: Telenor (BGD) | C43: 0.0008 | D43: =C43*1024 -> 0.8192 | E43: =_xlfn.MINIFS(D:D,A:A,A43,D:D,"<>0") -> 0.8192 | F43: =_xlfn.TEXTBEFORE(_xlfn.TEXTAFTER(B43,"("),")") -> BGD | G43: =+_xlfn.XLOOKUP(F43,Sheet1!C:C,Sheet1!B:B,"N/A",0) -> BD | H43: =+_xlfn.XLOOKUP(F43,Sheet1!C:C,Sheet1!D:D,"N/A",0) -> 050
A44: Bangladesh | B44: Veon (BGD) | C44: 0.001 | D44: =C44*1024 -> 1.024 | E44: =_xlfn.MINIFS(D:D,A:A,A44,D:D,"<>0") -> 0.8192 | F44: =_xlfn.TEXTBEFORE(_xlfn.TEXTAFTER(B44,"("),")") -> BGD | G44: =+_xlfn.XLOOKUP(F44,Sheet1!C:C,Sheet1!B:B,"N/A",0) -> BD | H44: =+_xlfn.XLOOKUP(F44,Sheet1!C:C,Sheet1!D:D,"N/A",0) -> 050
A45: Barbados | B45: Liberty (BRB) | C45: 0.0025454 | D45: =C45*1024 -> 2.6064896 | E45: =_xlfn.MINIFS(D:D,A:A,A45,D:D,"<>0") -> 2.6064896 | F45: =_xlfn.TEXTBEFORE(_xlfn.TEXTAFTER(B45,"("),")") -> BRB | G45: =+_xlfn.XLOOKUP(F45,Sheet1!C:C,Sheet1!B:B,"N/A",0) -> BB | H45: =+_xlfn.XLOOKUP(F45,Sheet1!C:C,Sheet1!D:D,"N/A",0) -> 052
A46: Belarus | B46: A1 (BLR) | C46: 0.0014975938 | D46: =C46*1024 -> 1.533536 | E46: =_xlfn.MINIFS(D:D,A:A,A46,D:D,"<>0") -> 1.533536 | F46: =_xlfn.TEXTBEFORE(_xlfn.TEXTAFTER(B46,"("),")") -> BLR | G46: =+_xlfn.XLOOKUP(F46,Sheet1!C:C,Sheet1!B:B,"N/A",0) -> BY | H46: =+_xlfn.XLOOKUP(F46,Sheet1!C:C,Sheet1!D:D,"N/A",0) -> 112
A47: Belarus | B47: Best (BLR) | C47: 0.0057359431 | D47: =C47*1024 -> 5.8736057 | E47: =_xlfn.MINIFS(D:D,A:A,A47,D:D,"<>0") -> 1.533536 | F47: =_xlfn.TEXTBEFORE(_xlfn.TEXTAFTER(B47,"("),")") -> BLR | G47: =+_xlfn.XLOOKUP(F47,Sheet1!C:C,Sheet1!B:B,"N/A",0) -> BY | H47: =+_xlfn.XLOOKUP(F47,Sheet1!C:C,Sheet1!D:D,"N/A",0) -> 112
A48: Belarus | B48: MTS (BLR) | C48: 0.0039762647 | D48: =C48*1024 -> 4.071695 | E48: =_xlfn.MINIFS(D:D,A:A,A48,D:D,"<>0") -> 1.533536 | F48: =_xlfn.TEXTBEFORE(_xlfn.TEXTAFTER(B48,"("),")") -> BLR | G48: =+_xlfn.XLOOKUP(F48,Sheet1!C:C,Sheet1!B:B,"N/A",0) -> BY | H48: =+_xlfn.XLOOKUP(F48,Sheet1!C:C,Sheet1!D:D,"N/A",0) -> 112
A49: Belgium | B49: Digi (BEL) | D49: =C49*1024 -> 0 | E49: =_xlfn.MINIFS(D:D,A:A,A49,D:D,"<>0") -> 0.3549184 | F49: =_xlfn.TEXTBEFORE(_xlfn.TEXTAFTER(B49,"("),")") -> BEL | G49: =+_xlfn.XLOOKUP(F49,Sheet1!C:C,Sheet1!B:B,"N/A",0) -> BE | H49: =+_xlfn.XLOOKUP(F49,Sheet1!C:C,Sheet1!D:D,"N/A",0) -> 056
A50: Belgium | B50: Orange (BEL) | C50: 0.0008687 | D50: =C50*1024 -> 0.8895488 | E50: =_xlfn.MINIFS(D:D,A:A,A50,D:D,"<>0") -> 0.3549184 | F50: =_xlfn.TEXTBEFORE(_xlfn.TEXTAFTER(B50,"("),")") -> BEL | G50: =+_xlfn.XLOOKUP(F50,Sheet1!C:C,Sheet1!B:B,"N/A",0) -> BE | H50: =+_xlfn.XLOOKUP(F50,Sheet1!C:C,Sheet1!D:D,"N/A",0) -> 056
A51: Belgium | B51: Proximus (BEL) | C51: 0.0003466 | D51: =C51*1024 -> 0.3549184 | E51: =_xlfn.MINIFS(D:D,A:A,A51,D:D,"<>0") -> 0.3549184 | F51: =_xlfn.TEXTBEFORE(_xlfn.TEXTAFTER(B51,"("),")") -> BEL | G51: =+_xlfn.XLOOKUP(F51,Sheet1!C:C,Sheet1!B:B,"N/A",0) -> BE | H51: =+_xlfn.XLOOKUP(F51,Sheet1!C:C,Sheet1!D:D,"N/A",0) -> 056
A52: Belgium | B52: Telenet (BEL) | C52: 0.0006438 | D52: =C52*1024 -> 0.6592512 | E52: =_xlfn.MINIFS(D:D,A:A,A52,D:D,"<>0") -> 0.3549184 | F52: =_xlfn.TEXTBEFORE(_xlfn.TEXTAFTER(B52,"("),")") -> BEL | G52: =+_xlfn.XLOOKUP(F52,Sheet1!C:C,Sheet1!B:B,"N/A",0) -> BE | H52: =+_xlfn.XLOOKUP(F52,Sheet1!C:C,Sheet1!D:D,"N/A",0) -> 056
A53: Belize | B53: BTL (BLZ) | C53: 0.0084920489 | D53: =C53*1024 -> 8.6958581 | E53: =_xlfn.MINIFS(D:D,A:A,A53,D:D,"<>0") -> 8.6958581 | F53: =_xlfn.TEXTBEFORE(_xlfn.TEXTAFTER(B53,"("),")") -> BLZ | G53: =+_xlfn.XLOOKUP(F53,Sheet1!C:C,Sheet1!B:B,"N/A",0) -> BZ | H53: =+_xlfn.XLOOKUP(F53,Sheet1!C:C,Sheet1!D:D,"N/A",0) -> 084
A54: Belize | B54: Speednet (BLZ) | C54: 3.4768204 | D54: =C54*1024 -> 3560.2641 | E54: =_xlfn.MINIFS(D:D,A:A,A54,D:D,"<>0") -> 8.6958581 | F54: =_xlfn.TEXTBEFORE(_xlfn.TEXTAFTER(B54,"("),")") -> BLZ | G54: =+_xlfn.XLOOKUP(F54,Sheet1!C:C,Sheet1!B:B,"N/A",0) -> BZ | H54: =+_xlfn.XLOOKUP(F54,Sheet1!C:C,Sheet1!D:D,"N/A",0) -> 084
A55: Benin | B55: IAM (BEN) | C55: 0.008 | D55: =C55*1024 -> 8.192 | E55: =_xlfn.MINIFS(D:D,A:A,A55,D:D,"<>0") -> 2.0635189 | F55: =_xlfn.TEXTBEFORE(_xlfn.TEXTAFTER(B55,"("),")") -> BEN | G55: =+_xlfn.XLOOKUP(F55,Sheet1!C:C,Sheet1!B:B,"N/A",0) -> BJ | H55: =+_xlfn.XLOOKUP(F55,Sheet1!C:C,Sheet1!D:D,"N/A",0) -> 204
A56: Benin | B56: MTN (BEN) | C56: 0.0020151552 | D56: =C56*1024 -> 2.0635189 | E56: =_xlfn.MINIFS(D:D,A:A,A56,D:D,"<>0") -> 2.0635189 | F56: =_xlfn.TEXTBEFORE(_xlfn.TEXTAFTER(B56,"("),")") -> BEN | G56: =+_xlfn.XLOOKUP(F56,Sheet1!C:C,Sheet1!B:B,"N/A",0) -> BJ | H56: =+_xlfn.XLOOKUP(F56,Sheet1!C:C,Sheet1!D:D,"N/A",0) -> 204
A57: Benin | B57: SBIN (BEN) | C57: 0.004 | D57: =C57*1024 -> 4.096 | E57: =_xlfn.MINIFS(D:D,A:A,A57,D:D,"<>0") -> 2.0635189 | F57: =_xlfn.TEXTBEFORE(_xlfn.TEXTAFTER(B57,"("),")") -> BEN | G57: =+_xlfn.XLOOKUP(F57,Sheet1!C:C,Sheet1!B:B,"N/A",0) -> BJ | H57: =+_xlfn.XLOOKUP(F57,Sheet1!C:C,Sheet1!D:D,"N/A",0) -> 204
A58: Bermuda | B58: ATN (BMU) | C58: 0.0025454 | D58: =C58*1024 -> 2.6064896 | E58: =_xlfn.MINIFS(D:D,A:A,A58,D:D,"<>0") -> 2.6064896 | F58: =_xlfn.TEXTBEFORE(_xlfn.TEXTAFTER(B58,"("),")") -> BMU | G58: =+_xlfn.XLOOKUP(F58,Sheet1!C:C,Sheet1!B:B,"N/A",0) -> BM | H58: =+_xlfn.XLOOKUP(F58,Sheet1!C:C,Sheet1!D:D,"N/A",0) -> 060
A59: Bhutan | B59: B-Mobile (BTN) | C59: 2.4153111 | D59: =C59*1024 -> 2473.2785 | E59: =_xlfn.MINIFS(D:D,A:A,A59,D:D,"<>0") -> 52.12969 | F59: =_xlfn.TEXTBEFORE(_xlfn.TEXTAFTER(B59,"("),")") -> BTN | G59: =+_xlfn.XLOOKUP(F59,Sheet1!C:C,Sheet1!B:B,"N/A",0) -> BT | H59: =+_xlfn.XLOOKUP(F59,Sheet1!C:C,Sheet1!D:D,"N/A",0) -> 064
A60: Bhutan | B60: Tashicell (BTN) | C60: 0.0509079 | D60: =C60*1024 -> 52.12969 | E60: =_xlfn.MINIFS(D:D,A:A,A60,D:D,"<>0") -> 52.12969 | F60: =_xlfn.TEXTBEFORE(_xlfn.TEXTAFTER(B60,"("),")") -> BTN | G60: =+_xlfn.XLOOKUP(F60,Sheet1!C:C,Sheet1!B:B,"N/A",0) -> BT | H60: =+_xlfn.XLOOKUP(F60,Sheet1!C:C,Sheet1!D:D,"N/A",0) -> 064
A61: Bolivia | B61: Entel (BOL) | C61: 0.0169693 | D61: =C61*1024 -> 17.376563 | E61: =_xlfn.MINIFS(D:D,A:A,A61,D:D,"<>0") -> 1.8664448 | F61: =_xlfn.TEXTBEFORE(_xlfn.TEXTAFTER(B61,"("),")") -> BOL | G61: =+_xlfn.XLOOKUP(F61,Sheet1!C:C,Sheet1!B:B,"N/A",0) -> BO | H61: =+_xlfn.XLOOKUP(F61,Sheet1!C:C,Sheet1!D:D,"N/A",0) -> 068
... A81: Burkina Faso | B81: Orange (BFA) | C81: 0.0019225 | D81: =C81*1024 -> 1.96864 | E81: =_xlfn.MINIFS(D:D,A:A,A81,D:D,"<>0") -> 1.96864 | F81: =_xlfn.TEXTBEFORE(_xlfn.TEXTAFTER(B81,"("),")") -> BFA | G81: =+_xlfn.XLOOKUP(F81,Sheet1!C:C,Sheet1!B:B,"N/A",0) -> BF | H81: =+_xlfn.XLOOKUP(F81,Sheet1!C:C,Sheet1!D:D,"N/A",0) -> 854
A82: Burkina Faso | B82: Telecel (BFA) | D82: =C82*1024 -> 0 | E82: =_xlfn.MINIFS(D:D,A:A,A82,D:D,"<>0") -> 1.96864 | F82: =_xlfn.TEXTBEFORE(_xlfn.TEXTAFTER(B82,"("),")") -> BFA | G82: =+_xlfn.XLOOKUP(F82,Sheet1!C:C,Sheet1!B:B,"N/A",0) -> BF | H82: =+_xlfn.XLOOKUP(F82,Sheet1!C:C,Sheet1!D:D,"N/A",0) -> 854
A83: Burundi | B83: Econet (BDI) | C83: 7.9070282 | D83: =C83*1024 -> 8096.7969 | E83: =_xlfn.MINIFS(D:D,A:A,A83,D:D,"<>0") -> 29.61659 | F83: =_xlfn.TEXTBEFORE(_xlfn.TEXTAFTER(B83,"("),")") -> BDI | G83: =+_xlfn.XLOOKUP(F83,Sheet1!C:C,Sheet1!B:B,"N/A",0) -> BI | H83: =+_xlfn.XLOOKUP(F83,Sheet1!C:C,Sheet1!D:D,"N/A",0) -> 108
A84: Burundi | B84: Viettel (BDI) | C84: 0.028922452 | D84: =C84*1024 -> 29.61659 | E84: =_xlfn.MINIFS(D:D,A:A,A84,D:D,"<>0") -> 29.61659 | F84: =_xlfn.TEXTBEFORE(_xlfn.TEXTAFTER(B84,"("),")") -> BDI | G84: =+_xlfn.XLOOKUP(F84,Sheet1!C:C,Sheet1!B:B,"N/A",0) -> BI | H84: =+_xlfn.XLOOKUP(F84,Sheet1!C:C,Sheet1!D:D,"N/A",0) -> 108
A85: Cambodia | B85: Axiata (KHM) | C85: 0.0042423 | D85: =C85*1024 -> 4.3441152 | E85: =_xlfn.MINIFS(D:D,A:A,A85,D:D,"<>0") -> 4.3441152 | F85: =_xlfn.TEXTBEFORE(_xlfn.TEXTAFTER(B85,"("),")") -> KHM | G85: =+_xlfn.XLOOKUP(F85,Sheet1!C:C,Sheet1!B:B,"N/A",0) -> KH | H85: =+_xlfn.XLOOKUP(F85,Sheet1!C:C,Sheet1!D:D,"N/A",0) -> 116
A86: Cambodia | B86: Cam (KHM) | C86: 0.0042428117 | D86: =C86*1024 -> 4.3446392 | E86: =_xlfn.MINIFS(D:D,A:A,A86,D:D,"<>0") -> 4.3441152 | F86: =_xlfn.TEXTBEFORE(_xlfn.TEXTAFTER(B86,"("),")") -> KHM | G86: =+_xlfn.XLOOKUP(F86,Sheet1!C:C,Sheet1!B:B,"N/A",0) -> KH | H86: =+_xlfn.XLOOKUP(F86,Sheet1!C:C,Sheet1!D:D,"N/A",0) -> 116
A87: Cambodia | B87: Viettel (KHM) | C87: 0.0042599943 | D87: =C87*1024 -> 4.3622342 | E87: =_xlfn.MINIFS(D:D,A:A,A87,D:D,"<>0") -> 4.3441152 | F87: =_xlfn.TEXTBEFORE(_xlfn.TEXTAFTER(B87,"("),")") -> KHM | G87: =+_xlfn.XLOOKUP(F87,Sheet1!C:C,Sheet1!B:B,"N/A",0) -> KH | H87: =+_xlfn.XLOOKUP(F87,Sheet1!C:C,Sheet1!D:D,"N/A",0) -> 116
A88: Cameroon | B88: MTN (CMR) | C88: 0.0019573391 | D88: =C88*1024 -> 2.0043152 | E88: =_xlfn.MINIFS(D:D,A:A,A88,D:D,"<>0") -> 1.96864 | F88: =_xlfn.TEXTBEFORE(_xlfn.TEXTAFTER(B88,"("),")") -> CMR | G88: =+_xlfn.XLOOKUP(F88,Sheet1!C:C,Sheet1!B:B,"N/A",0) -> CM | H88: =+_xlfn.XLOOKUP(F88,Sheet1!C:C,Sheet1!D:D,"N/A",0) -> 120
A89: Cameroon | B89: Orange (CMR) | C89: 0.0019225 | D89: =C89*1024 -> 1.96864 | E89: =_xlfn.MINIFS(D:D,A:A,A89,D:D,"<>0") -> 1.96864 | F89: =_xlfn.TEXTBEFORE(_xlfn.TEXTAFTER(B89,"("),")") -> CMR | G89: =+_xlfn.XLOOKUP(F89,Sheet1!C:C,Sheet1!B:B,"N/A",0) -> CM | H89: =+_xlfn.XLOOKUP(F89,Sheet1!C:C,Sheet1!D:D,"N/A",0) -> 120
A90: Canada | B90: Bell (CAN) | C90: 0.0019009645 | D90: =C90*1024 -> 1.9465876 | E90: =_xlfn.MINIFS(D:D,A:A,A90,D:D,"<>0") -> 1.2476416 | F90: =_xlfn.TEXTBEFORE(_xlfn.TEXTAFTER(B90,"("),")") -> CAN | G90: =+_xlfn.XLOOKUP(F90,Sheet1!C:C,Sheet1!B:B,"N/A",0) -> CA | H90: =+_xlfn.XLOOKUP(F90,Sheet1!C:C,Sheet1!D:D,"N/A",0) -> 124
A91: Canada | B91: Eastlink (CAN) | C91: 0.0042423 | D91: =C91*1024 -> 4.3441152 | E91: =_xlfn.MINIFS(D:D,A:A,A91,D:D,"<>0") -> 1.2476416 | F91: =_xlfn.TEXTBEFORE(_xlfn.TEXTAFTER(B91,"("),")") -> CAN | G91: =+_xlfn.XLOOKUP(F91,Sheet1!C:C,Sheet1!B:B,"N/A",0) -> CA | H91: =+_xlfn.XLOOKUP(F91,Sheet1!C:C,Sheet1!D:D,"N/A",0) -> 124
A92: Canada | B92: Rogers (CAN) | C92: 0.0021606375 | D92: =C92*1024 -> 2.2124928 | E92: =_xlfn.MINIFS(D:D,A:A,A92,D:D,"<>0") -> 1.2476416 | F92: =_xlfn.TEXTBEFORE(_xlfn.TEXTAFTER(B92,"("),")") -> CAN | G92: =+_xlfn.XLOOKUP(F92,Sheet1!C:C,Sheet1!B:B,"N/A",0) -> CA | H92: =+_xlfn.XLOOKUP(F92,Sheet1!C:C,Sheet1!D:D,"N/A",0) -> 124
A93: Canada | B93: Sasktel (CAN) | C93: 0.0012184 | D93: =C93*1024 -> 1.2476416 | E93: =_xlfn.MINIFS(D:D,A:A,A93,D:D,"<>0") -> 1.2476416 | F93: =_xlfn.TEXTBEFORE(_xlfn.TEXTAFTER(B93,"("),")") -> CAN | G93: =+_xlfn.XLOOKUP(F93,Sheet1!C:C,Sheet1!B:B,"N/A",0) -> CA | H93: =+_xlfn.XLOOKUP(F93,Sheet1!C:C,Sheet1!D:D,"N/A",0) -> 124
A94: Canada | B94: Telus (CAN) | C94: 0.0019249846 | D94: =C94*1024 -> 1.9711842 | E94: =_xlfn.MINIFS(D:D,A:A,A94,D:D,"<>0") -> 1.2476416 | F94: =_xlfn.TEXTBEFORE(_xlfn.TEXTAFTER(B94,"("),")") -> CAN | G94: =+_xlfn.XLOOKUP(F94,Sheet1!C:C,Sheet1!B:B,"N/A",0) -> CA | H94: =+_xlfn.XLOOKUP(F94,Sheet1!C:C,Sheet1!D:D,"N/A",0) -> 124
... A98: Cayman Islands | B98: Liberty (CYM) | C98: 0.0025454 | D98: =C98*1024 -> 2.6064896 | E98: =_xlfn.MINIFS(D:D,A:A,A98,D:D,"<>0") -> 2.6064896 | F98: =_xlfn.TEXTBEFORE(_xlfn.TEXTAFTER(B98,"("),")") -> CYM | G98: =+_xlfn.XLOOKUP(F98,Sheet1!C:C,Sheet1!B:B,"N/A",0) -> KY | H98: =+_xlfn.XLOOKUP(F98,Sheet1!C:C,Sheet1!D:D,"N/A",0) -> 136
A99: Central African Republic | B99: Econet (CAF) | D99: =C99*1024 -> 0 | E99: =_xlfn.MINIFS(D:D,A:A,A99,D:D,"<>0") -> 1.96864 | F99: =_xlfn.TEXTBEFORE(_xlfn.TEXTAFTER(B99,"("),")") -> CAF | G99: =+_xlfn.XLOOKUP(F99,Sheet1!C:C,Sheet1!B:B,"N/A",0) -> CF | H99: =+_xlfn.XLOOKUP(F99,Sheet1!C:C,Sheet1!D:D,"N/A",0) -> 140
A100: Central African Republic | B100: IAM (CAF) | C100: 0.008 | D100: =C100*1024 -> 8.192 | E100: =_xlfn.MINIFS(D:D,A:A,A100,D:D,"<>0") -> 1.96864 | F100: =_xlfn.TEXTBEFORE(_xlfn.TEXTAFTER(B100,"("),")") -> CAF | G100: =+_xlfn.XLOOKUP(F100,Sheet1!C:C,Sheet1!B:B,"N/A",0) -> CF | H100: =+_xlfn.XLOOKUP(F100,Sheet1!C:C,Sheet1!D:D,"N/A",0) -> 140
A101: Central African Republic | B101: Orange (CAF) | C101: 0.0019225 | D101: =C101*1024 -> 1.96864 | E101: =_xlfn.MINIFS(D:D,A:A,A101,D:D,"<>0") -> 1.96864 | F101: =_xlfn.TEXTBEFORE(_xlfn.TEXTAFTER(B101,"("),")") -> CAF | G101: =+_xlfn.XLOOKUP(F101,Sheet1!C:C,Sheet1!B:B,"N/A",0) -> CF | H101: =+_xlfn.XLOOKUP(F101,Sheet1!C:C,Sheet1!D:D,"N/A",0) -> 140
A102: Chad | B102: Airtel (TCD) | C102: 0.0019515 | D102: =C102*1024 -> 1.998336 | E102: =_xlfn.MINIFS(D:D,A:A,A102,D:D,"<>0") -> 1.998336 | F102: =_xlfn.TEXTBEFORE(_xlfn.TEXTAFTER(B102,"("),")") -> TCD | G102: =+_xlfn.XLOOKUP(F102,Sheet1!C:C,Sheet1!B:B,"N/A",0) -> TD | H102: =+_xlfn.XLOOKUP(F102,Sheet1!C:C,Sheet1!D:D,"N/A",0) -> 148
A103: Chad | B103: IAM (TCD) | C103: 0.008 | D103: =C103*1024 -> 8.192 | E103: =_xlfn.MINIFS(D:D,A:A,A103,D:D,"<>0") -> 1.998336 | F103: =_xlfn.TEXTBEFORE(_xlfn.TEXTAFTER(B103,"("),")") -> TCD | G103: =+_xlfn.XLOOKUP(F103,Sheet1!C:C,Sheet1!B:B,"N/A",0) -> TD | H103: =+_xlfn.XLOOKUP(F103,Sheet1!C:C,Sheet1!D:D,"N/A",0) -> 148
A104: Channel Islands | B104: Jersey Airtel (GBR) | C104: 0.0010170366 | D104: =C104*1024 -> 1.0414455 | E104: =_xlfn.MINIFS(D:D,A:A,A104,D:D,"<>0") -> 0.61480161 | F104: =_xlfn.TEXTBEFORE(_xlfn.TEXTAFTER(B104,"("),")") -> GBR | G104: =+_xlfn.XLOOKUP(F104,Sheet1!C:C,Sheet1!B:B,"N/A",0) -> GB | H104: =+_xlfn.XLOOKUP(F104,Sheet1!C:C,Sheet1!D:D,"N/A",0) -> 826
A105: Channel Islands | B105: Jersey Telecoms (GBR) | C105: 0.00060039219 | D105: =C105*1024 -> 0.61480161 | E105: =_xlfn.MINIFS(D:D,A:A,A105,D:D,"<>0") -> 0.61480161 | F105: =_xlfn.TEXTBEFORE(_xlfn.TEXTAFTER(B105,"("),")") -> GBR | G105: =+_xlfn.XLOOKUP(F105,Sheet1!C:C,Sheet1!B:B,"N/A",0) -> GB | H105: =+_xlfn.XLOOKUP(F105,Sheet1!C:C,Sheet1!D:D,"N/A",0) -> 826
A106: Channel Islands | B106: Manx Telecom (GBR) | C106: 0.00071205158 | D106: =C106*1024 -> 0.72914082 | E106: =_xlfn.MINIFS(D:D,A:A,A106,D:D,"<>0") -> 0.61480161 | F106: =_xlfn.TEXTBEFORE(_xlfn.TEXTAFTER(B106,"("),")") -> GBR | G106: =+_xlfn.XLOOKUP(F106,Sheet1!C:C,Sheet1!B:B,"N/A",0) -> GB | H106: =+_xlfn.XLOOKUP(F106,Sheet1!C:C,Sheet1!D:D,"N/A",0) -> 826
A107: Channel Islands | B107: Sure Guernsey (GBR) | C107: 0.0010060199 | D107: =C107*1024 -> 1.0301643 | E107: =_xlfn.MINIFS(D:D,A:A,A107,D:D,"<>0") -> 0.61480161 | F107: =_xlfn.TEXTBEFORE(_xlfn.TEXTAFTER(B107,"("),")") -> GBR | G107: =+_xlfn.XLOOKUP(F107,Sheet1!C:C,Sheet1!B:B,"N/A",0) -> GB | H107: =+_xlfn.XLOOKUP(F107,Sheet1!C:C,Sheet1!D:D,"N/A",0) -> 826
A108: Chile | B108: AMX (CHL) | C108: 0.00097015687 | D108: =C108*1024 -> 0.99344064 | E108: =_xlfn.MINIFS(D:D,A:A,A108,D:D,"<>0") -> 0.99344064 | F108: =_xlfn.TEXTBEFORE(_xlfn.TEXTAFTER(B108,"("),")") -> CHL | G108: =+_xlfn.XLOOKUP(F108,Sheet1!C:C,Sheet1!B:B,"N/A",0) -> CL | H108: =+_xlfn.XLOOKUP(F108,Sheet1!C:C,Sheet1!D:D,"N/A",0) -> 152
A109: Chile | B109: Entel (CHL) | C109: 0.0016969 | D109: =C109*1024 -> 1.7376256 | E109: =_xlfn.MINIFS(D:D,A:A,A109,D:D,"<>0") -> 0.99344064 | F109: =_xlfn.TEXTBEFORE(_xlfn.TEXTAFTER(B109,"("),")") -> CHL | G109: =+_xlfn.XLOOKUP(F109,Sheet1!C:C,Sheet1!B:B,"N/A",0) -> CL | H109: =+_xlfn.XLOOKUP(F109,Sheet1!C:C,Sheet1!D:D,"N/A",0) -> 152
A110: Chile | B110: Telefonica (CHL) | C110: 0.001036728 | D110: =C110*1024 -> 1.0616095 | E110: =_xlfn.MINIFS(D:D,A:A,A110,D:D,"<>0") -> 0.99344064 | F110: =_xlfn.TEXTBEFORE(_xlfn.TEXTAFTER(B110,"("),")") -> CHL | G110: =+_xlfn.XLOOKUP(F110,Sheet1!C:C,Sheet1!B:B,"N/A",0) -> CL | H110: =+_xlfn.XLOOKUP(F110,Sheet1!C:C,Sheet1!D:D,"N/A",0) -> 152
A111: Chile | B111: WOM (CHL) | C111: 0.005 | D111: =C111*1024 -> 5.12 | E111: =_xlfn.MINIFS(D:D,A:A,A111,D:D,"<>0") -> 0.99344064 | F111: =_xlfn.TEXTBEFORE(_xlfn.TEXTAFTER(B111,"("),")") -> CHL | G111: =+_xlfn.XLOOKUP(F111,Sheet1!C:C,Sheet1!B:B,"N/A",0) -> CL | H111: =+_xlfn.XLOOKUP(F111,Sheet1!C:C,Sheet1!D:D,"N/A",0) -> 152
... A117: Colombia | B117: Tigo (COL) | C117: 0.0018227 | D117: =C117*1024 -> 1.8664448 | E117: =_xlfn.MINIFS(D:D,A:A,A117,D:D,"<>0") -> 1.0539981 | F117: =_xlfn.TEXTBEFORE(_xlfn.TEXTAFTER(B117,"("),")") -> COL | G117: =+_xlfn.XLOOKUP(F117,Sheet1!C:C,Sheet1!B:B,"N/A",0) -> CO | H117: =+_xlfn.XLOOKUP(F117,Sheet1!C:C,Sheet1!D:D,"N/A",0) -> 170
A118: Comoros | B118: Huri (COM) | D118: =C118*1024 -> 0 | E118: =_xlfn.MINIFS(D:D,A:A,A118,D:D,"<>0") -> 2.0481536 | F118: =_xlfn.TEXTBEFORE(_xlfn.TEXTAFTER(B118,"("),")") -> COM | G118: =+_xlfn.XLOOKUP(F118,Sheet1!C:C,Sheet1!B:B,"N/A",0) -> KM | H118: =+_xlfn.XLOOKUP(F118,Sheet1!C:C,Sheet1!D:D,"N/A",0) -> 174
A119: Comoros | B119: Yas (COM) | C119: 0.00200015 | D119: =C119*1024 -> 2.0481536 | E119: =_xlfn.MINIFS(D:D,A:A,A119,D:D,"<>0") -> 2.0481536 | F119: =_xlfn.TEXTBEFORE(_xlfn.TEXTAFTER(B119,"("),")") -> COM | G119: =+_xlfn.XLOOKUP(F119,Sheet1!C:C,Sheet1!B:B,"N/A",0) -> KM | H119: =+_xlfn.XLOOKUP(F119,Sheet1!C:C,Sheet1!D:D,"N/A",0) -> 174
A120: Congo Brazzaville | B120: Airtel (COG) | C120: 0.0019515 | D120: =C120*1024 -> 1.998336 | E120: =_xlfn.MINIFS(D:D,A:A,A120,D:D,"<>0") -> 1.998336 | F120: =_xlfn.TEXTBEFORE(_xlfn.TEXTAFTER(B120,"("),")") -> COG | G120: =+_xlfn.XLOOKUP(F120,Sheet1!C:C,Sheet1!B:B,"N/A",0) -> CG | H120: =+_xlfn.XLOOKUP(F120,Sheet1!C:C,Sheet1!D:D,"N/A",0) -> 178
A121: Congo Brazzaville | B121: MTN (COG) | C121: 0.0019523258 | D121: =C121*1024 -> 1.9991816 | E121: =_xlfn.MINIFS(D:D,A:A,A121,D:D,"<>0") -> 1.998336 | F121: =_xlfn.TEXTBEFORE(_xlfn.TEXTAFTER(B121,"("),")") -> COG | G121: =+_xlfn.XLOOKUP(F121,Sheet1!C:C,Sheet1!B:B,"N/A",0) -> CG | H121: =+_xlfn.XLOOKUP(F121,Sheet1!C:C,Sheet1!D:D,"N/A",0) -> 178
A122: Congo Kinshasa | B122: Africell (COD) | C122: 0.0016969 | D122: =C122*1024 -> 1.7376256 | E122: =_xlfn.MINIFS(D:D,A:A,A122,D:D,"<>0") -> 1.7376256 | F122: =_xlfn.TEXTBEFORE(_xlfn.TEXTAFTER(B122,"("),")") -> COD | G122: =+_xlfn.XLOOKUP(F122,Sheet1!C:C,Sheet1!B:B,"N/A",0) -> CD | H122: =+_xlfn.XLOOKUP(F122,Sheet1!C:C,Sheet1!D:D,"N/A",0) -> 180
A123: Congo Kinshasa | B123: Airtel (COD) | C123: 0.0019515 | D123: =C123*1024 -> 1.998336 | E123: =_xlfn.MINIFS(D:D,A:A,A123,D:D,"<>0") -> 1.7376256 | F123: =_xlfn.TEXTBEFORE(_xlfn.TEXTAFTER(B123,"("),")") -> COD | G123: =+_xlfn.XLOOKUP(F123,Sheet1!C:C,Sheet1!B:B,"N/A",0) -> CD | H123: =+_xlfn.XLOOKUP(F123,Sheet1!C:C,Sheet1!D:D,"N/A",0) -> 180
A124: Congo Kinshasa | B124: Orange (COD) | C124: 0.0019225 | D124: =C124*1024 -> 1.96864 | E124: =_xlfn.MINIFS(D:D,A:A,A124,D:D,"<>0") -> 1.7376256 | F124: =_xlfn.TEXTBEFORE(_xlfn.TEXTAFTER(B124,"("),")") -> COD | G124: =+_xlfn.XLOOKUP(F124,Sheet1!C:C,Sheet1!B:B,"N/A",0) -> CD | H124: =+_xlfn.XLOOKUP(F124,Sheet1!C:C,Sheet1!D:D,"N/A",0) -> 180
A125: Congo Kinshasa | B125: Vodafone (COD) | C125: 0.064840088 | D125: =C125*1024 -> 66.39625 | E125: =_xlfn.MINIFS(D:D,A:A,A125,D:D,"<>0") -> 1.7376256 | F125: =_xlfn.TEXTBEFORE(_xlfn.TEXTAFTER(B125,"("),")") -> COD | G125: =+_xlfn.XLOOKUP(F125,Sheet1!C:C,Sheet1!B:B,"N/A",0) -> CD | H125: =+_xlfn.XLOOKUP(F125,Sheet1!C:C,Sheet1!D:D,"N/A",0) -> 180
A126: Cook Islands | B126: Telecom (COK) | C126: 3.6237631 | D126: =C126*1024 -> 3710.7334 | E126: =_xlfn.MINIFS(D:D,A:A,A126,D:D,"<>0") -> 3710.7334 | F126: =_xlfn.TEXTBEFORE(_xlfn.TEXTAFTER(B126,"("),")") -> COK | G126: =+_xlfn.XLOOKUP(F126,Sheet1!C:C,Sheet1!B:B,"N/A",0) -> CK | H126: =+_xlfn.XLOOKUP(F126,Sheet1!C:C,Sheet1!D:D,"N/A",0) -> 184
A127: Costa Rica | B127: AMX (CRI) | C127: 0.0020760704 | D127: =C127*1024 -> 2.1258961 | E127: =_xlfn.MINIFS(D:D,A:A,A127,D:D,"<>0") -> 0.868864 | F127: =_xlfn.TEXTBEFORE(_xlfn.TEXTAFTER(B127,"("),")") -> CRI | G127: =+_xlfn.XLOOKUP(F127,Sheet1!C:C,Sheet1!B:B,"N/A",0) -> CR | H127: =+_xlfn.XLOOKUP(F127,Sheet1!C:C,Sheet1!D:D,"N/A",0) -> 188
A128: Costa Rica | B128: ICE (CRI) | C128: 0.0008485 | D128: =C128*1024 -> 0.868864 | E128: =_xlfn.MINIFS(D:D,A:A,A128,D:D,"<>0") -> 0.868864 | F128: =_xlfn.TEXTBEFORE(_xlfn.TEXTAFTER(B128,"("),")") -> CRI | G128: =+_xlfn.XLOOKUP(F128,Sheet1!C:C,Sheet1!B:B,"N/A",0) -> CR | H128: =+_xlfn.XLOOKUP(F128,Sheet1!C:C,Sheet1!D:D,"N/A",0) -> 188
...

Sheet Sheet1
A1: Country | B1: Alpha-2 code | C1: Alpha-3 code | D1: Numeric
A2: Afghanistan | B2: AF | C2: AFG | D2: 004
A3: Albania | B3: AL | C3: ALB | D3: 008
A4: Algeria | B4: DZ | C4: DZA | D4: 012
A5: American Samoa | B5: AS | C5: ASM | D5: 016
A6: Andorra | B6: AD | C6: AND | D6: 020
A7: Angola | B7: AO | C7: AGO | D7: 024
A8: Anguilla | B8: AI | C8: AIA | D8: 660
A9: Antarctica | B9: AQ | C9: ATA | D9: 010
A10: Antigua and Barbuda | B10: AG | C10: ATG | D10: 028
A11: Argentina | B11: AR | C11: ARG | D11: 032
A12: Armenia | B12: AM | C12: ARM | D12: 051
... A250: Åland Islands | B250: AX | C250: ALA | D250: 248
A251: Kosovo | B251: XK | C251: XKX
